"Source:","/Users/rota/Documents/KiCad/6.0/projects/555_badge/555_badge.kicad_sch"
"Date:","2023 April 01, Saturday 09:09:10"
"Tool:","Eeschema (6.0.11-0)"
"Generator:","/Applications/KiCad/KiCad.app/Contents/SharedSupport/plugins/bom_csv_grouped_by_value.py"
"Component Count:","15"

"Individual Components:"

"Item","Qty","Reference(s)","Value","LibPart","Footprint","Datasheet","Category","DK_Datasheet_Link","DK_Detail_Page","Description","Digi-Key_PN","Family","MPN","Manufacturer","Status"
"","","BAT1","BS-7","dk_Battery-Holders-Clips-Contacts:BS-7","digikey-footprints:Battery_Holder_Coin_2032_BS-7","http://www.memoryprotectiondevices.com/datasheets/BS-7-datasheet.pdf","Battery Products","http://www.memoryprotectiondevices.com/datasheets/BS-7-datasheet.pdf","/product-detail/en/mpd-memory-protection-devices/BS-7/BS-7-ND/389447","BATTERY HOLDER COIN 20MM PC PIN","BS-7-ND","Battery Holders, Clips, Contacts","BS-7","MPD (Memory Protection Devices)","Active"
"","","C1","10uf","Device:C_Polarized_US","Capacitor_THT:CP_Radial_D5.0mm_P2.00mm","~","","","","","","","","",""
"","","C2","100uf","Device:C_Polarized_US","Capacitor_THT:CP_Radial_D6.3mm_P2.50mm","~","","","","","","","","",""
"","","D1","RED","Device:LED","LED_THT:LED_D3.0mm","~","","","","","","","","",""
"","","D2","LED","Device:LED","LED_THT:LED_D3.0mm","~","","","","","","","","",""
"","","Q1","2N3904","Transistor_BJT:2N3904","Package_TO_SOT_THT:TO-92_Inline","https://www.onsemi.com/pub/Collateral/2N3903-D.PDF","","","","","","","","",""
"","","R1","22k","Device:R","Resistor_THT:R_Axial_DIN0207_L6.3mm_D2.5mm_P7.62mm_Horizontal","~","","","","","","","","",""
"","","R2","330k","Device:R","Resistor_THT:R_Axial_DIN0207_L6.3mm_D2.5mm_P7.62mm_Horizontal","~","","","","","","","","",""
"","","R3","22k","Device:R","Resistor_THT:R_Axial_DIN0207_L6.3mm_D2.5mm_P7.62mm_Horizontal","~","","","","","","","","",""
"","","R4","100k","Device:R","Resistor_THT:R_Axial_DIN0207_L6.3mm_D2.5mm_P7.62mm_Horizontal","~","","","","","","","","",""
"","","R5","10k","Device:R","Resistor_THT:R_Axial_DIN0207_L6.3mm_D2.5mm_P7.62mm_Horizontal","~","","","","","","","","",""
"","","R6","100","Device:R","Resistor_THT:R_Axial_DIN0207_L6.3mm_D2.5mm_P7.62mm_Horizontal","~","","","","","","","","",""
"","","R7","100","Device:R","Resistor_THT:R_Axial_DIN0207_L6.3mm_D2.5mm_P7.62mm_Horizontal","~","","","","","","","","",""
"","","S1","EG1218","dk_Slide-Switches:EG1218","digikey-footprints:Switch_Slide_11.6x4mm_EG1218","http://spec_sheets.e-switch.com/specs/P040040.pdf","Switches","http://spec_sheets.e-switch.com/specs/P040040.pdf","/product-detail/en/e-switch/EG1218/EG1903-ND/101726","SWITCH SLIDE SPDT 200MA 30V","EG1903-ND","Slide Switches","EG1218","E-Switch","Active"
"","","U1","7555","555_sym:7555","555_badge:ICM7555-PDIP","","","","","","","","","",""



"Collated Components:"

"Item","Qty","Reference(s)","Value","LibPart","Footprint","Datasheet","Category","DK_Datasheet_Link","DK_Detail_Page","Description","Digi-Key_PN","Family","MPN","Manufacturer","Status"
"1","1","BAT1","BS-7","dk_Battery-Holders-Clips-Contacts:BS-7","digikey-footprints:Battery_Holder_Coin_2032_BS-7","http://www.memoryprotectiondevices.com/datasheets/BS-7-datasheet.pdf","Battery Products","http://www.memoryprotectiondevices.com/datasheets/BS-7-datasheet.pdf","/product-detail/en/mpd-memory-protection-devices/BS-7/BS-7-ND/389447","BATTERY HOLDER COIN 20MM PC PIN","BS-7-ND","Battery Holders, Clips, Contacts","BS-7","MPD (Memory Protection Devices)","Active"
"2","1","C1","10uf","Device:C_Polarized_US","Capacitor_THT:CP_Radial_D5.0mm_P2.00mm","~","","","","","","","","",""
"3","1","C2","100uf","Device:C_Polarized_US","Capacitor_THT:CP_Radial_D6.3mm_P2.50mm","~","","","","","","","","",""
"4","1","D1","RED","Device:LED","LED_THT:LED_D3.0mm","~","","","","","","","","",""
"5","1","D2","LED","Device:LED","LED_THT:LED_D3.0mm","~","","","","","","","","",""
"6","1","Q1","2N3904","Transistor_BJT:2N3904","Package_TO_SOT_THT:TO-92_Inline","https://www.onsemi.com/pub/Collateral/2N3903-D.PDF","","","","","","","","",""
"7","2","R1, R3","22k","Device:R","Resistor_THT:R_Axial_DIN0207_L6.3mm_D2.5mm_P7.62mm_Horizontal","~","","","","","","","","",""
"8","1","R2","330k","Device:R","Resistor_THT:R_Axial_DIN0207_L6.3mm_D2.5mm_P7.62mm_Horizontal","~","","","","","","","","",""
"9","1","R4","100k","Device:R","Resistor_THT:R_Axial_DIN0207_L6.3mm_D2.5mm_P7.62mm_Horizontal","~","","","","","","","","",""
"10","1","R5","10k","Device:R","Resistor_THT:R_Axial_DIN0207_L6.3mm_D2.5mm_P7.62mm_Horizontal","~","","","","","","","","",""
"11","2","R6, R7","100","Device:R","Resistor_THT:R_Axial_DIN0207_L6.3mm_D2.5mm_P7.62mm_Horizontal","~","","","","","","","","",""
"12","1","S1","EG1218","dk_Slide-Switches:EG1218","digikey-footprints:Switch_Slide_11.6x4mm_EG1218","http://spec_sheets.e-switch.com/specs/P040040.pdf","Switches","http://spec_sheets.e-switch.com/specs/P040040.pdf","/product-detail/en/e-switch/EG1218/EG1903-ND/101726","SWITCH SLIDE SPDT 200MA 30V","EG1903-ND","Slide Switches","EG1218","E-Switch","Active"
"13","1","U1","7555","555_sym:7555","555_badge:ICM7555-PDIP","","","","","","","","","",""
