<?xml version="1.0" encoding="UTF-8"?>
<export version="E">
  <design>
    <source>/Users/rota/Documents/KiCad/6.0/projects/555_badge/555_badge.kicad_sch</source>
    <date>2023 April 01, Saturday 09:09:10</date>
    <tool>Eeschema (6.0.11-0)</tool>
    <sheet number="1" name="/" tstamps="/">
      <title_block>
        <title>555_badge</title>
        <company/>
        <rev>V01</rev>
        <date>2023-03-30</date>
        <source>555_badge.kicad_sch</source>
        <comment number="1" value=""/>
        <comment number="2" value=""/>
        <comment number="3" value=""/>
        <comment number="4" value="Author: Rota "/>
        <comment number="5" value=""/>
        <comment number="6" value=""/>
        <comment number="7" value=""/>
        <comment number="8" value=""/>
        <comment number="9" value=""/>
      </title_block>
    </sheet>
  </design>
  <components>
    <comp ref="BAT1">
      <value>BS-7</value>
      <footprint>digikey-footprints:Battery_Holder_Coin_2032_BS-7</footprint>
      <datasheet>http://www.memoryprotectiondevices.com/datasheets/BS-7-datasheet.pdf</datasheet>
      <fields>
        <field name="Category">Battery Products</field>
        <field name="DK_Datasheet_Link">http://www.memoryprotectiondevices.com/datasheets/BS-7-datasheet.pdf</field>
        <field name="DK_Detail_Page">/product-detail/en/mpd-memory-protection-devices/BS-7/BS-7-ND/389447</field>
        <field name="Description">BATTERY HOLDER COIN 20MM PC PIN</field>
        <field name="Digi-Key_PN">BS-7-ND</field>
        <field name="Family">Battery Holders, Clips, Contacts</field>
        <field name="MPN">BS-7</field>
        <field name="Manufacturer">MPD (Memory Protection Devices)</field>
        <field name="Status">Active</field>
      </fields>
      <libsource lib="dk_Battery-Holders-Clips-Contacts" part="BS-7" description="BATTERY HOLDER COIN 20MM PC PIN"/>
      <property name="Digi-Key_PN" value="BS-7-ND"/>
      <property name="MPN" value="BS-7"/>
      <property name="Category" value="Battery Products"/>
      <property name="Family" value="Battery Holders, Clips, Contacts"/>
      <property name="DK_Datasheet_Link" value="http://www.memoryprotectiondevices.com/datasheets/BS-7-datasheet.pdf"/>
      <property name="DK_Detail_Page" value="/product-detail/en/mpd-memory-protection-devices/BS-7/BS-7-ND/389447"/>
      <property name="Description" value="BATTERY HOLDER COIN 20MM PC PIN"/>
      <property name="Manufacturer" value="MPD (Memory Protection Devices)"/>
      <property name="Status" value="Active"/>
      <property name="Sheetname" value=""/>
      <property name="Sheetfile" value="555_badge.kicad_sch"/>
      <sheetpath names="/" tstamps="/"/>
      <tstamps>3fce0383-cc2d-49f8-85ab-0a51085eb14c</tstamps>
    </comp>
    <comp ref="C1">
      <value>10uf</value>
      <footprint>Capacitor_THT:CP_Radial_D5.0mm_P2.00mm</footprint>
      <libsource lib="Device" part="C_Polarized_US" description="Polarized capacitor, US symbol"/>
      <property name="Sheetname" value=""/>
      <property name="Sheetfile" value="555_badge.kicad_sch"/>
      <sheetpath names="/" tstamps="/"/>
      <tstamps>49ae00d0-9bd4-42ee-bdaf-6a0d64273d9b</tstamps>
    </comp>
    <comp ref="C2">
      <value>100uf</value>
      <footprint>Capacitor_THT:CP_Radial_D6.3mm_P2.50mm</footprint>
      <libsource lib="Device" part="C_Polarized_US" description="Polarized capacitor, US symbol"/>
      <property name="Sheetname" value=""/>
      <property name="Sheetfile" value="555_badge.kicad_sch"/>
      <sheetpath names="/" tstamps="/"/>
      <tstamps>18abdc20-b8dc-494c-a2fa-8e246d03a7fb</tstamps>
    </comp>
    <comp ref="D1">
      <value>RED</value>
      <footprint>LED_THT:LED_D3.0mm</footprint>
      <libsource lib="Device" part="LED" description="Light emitting diode"/>
      <property name="Sheetname" value=""/>
      <property name="Sheetfile" value="555_badge.kicad_sch"/>
      <sheetpath names="/" tstamps="/"/>
      <tstamps>f3eaf7a0-baf3-4c3a-b82f-14949d74f3a8</tstamps>
    </comp>
    <comp ref="D2">
      <value>LED</value>
      <footprint>LED_THT:LED_D3.0mm</footprint>
      <libsource lib="Device" part="LED" description="Light emitting diode"/>
      <property name="Sheetname" value=""/>
      <property name="Sheetfile" value="555_badge.kicad_sch"/>
      <sheetpath names="/" tstamps="/"/>
      <tstamps>fe26fe31-641a-4376-a660-39dc0fe3bc38</tstamps>
    </comp>
    <comp ref="Q1">
      <value>2N3904</value>
      <footprint>Package_TO_SOT_THT:TO-92_Inline</footprint>
      <datasheet>https://www.onsemi.com/pub/Collateral/2N3903-D.PDF</datasheet>
      <libsource lib="Transistor_BJT" part="2N3904" description="0.2A Ic, 40V Vce, Small Signal NPN Transistor, TO-92"/>
      <property name="Sheetname" value=""/>
      <property name="Sheetfile" value="555_badge.kicad_sch"/>
      <sheetpath names="/" tstamps="/"/>
      <tstamps>579be2d7-ed1c-4bbc-99dc-d0a23b0f04bf</tstamps>
    </comp>
    <comp ref="R1">
      <value>22k</value>
      <footprint>Resistor_THT:R_Axial_DIN0207_L6.3mm_D2.5mm_P7.62mm_Horizontal</footprint>
      <libsource lib="Device" part="R" description="Resistor"/>
      <property name="Sheetname" value=""/>
      <property name="Sheetfile" value="555_badge.kicad_sch"/>
      <sheetpath names="/" tstamps="/"/>
      <tstamps>7e9707a9-8fbc-4fcc-8399-725fe31b7733</tstamps>
    </comp>
    <comp ref="R2">
      <value>330k</value>
      <footprint>Resistor_THT:R_Axial_DIN0207_L6.3mm_D2.5mm_P7.62mm_Horizontal</footprint>
      <libsource lib="Device" part="R" description="Resistor"/>
      <property name="Sheetname" value=""/>
      <property name="Sheetfile" value="555_badge.kicad_sch"/>
      <sheetpath names="/" tstamps="/"/>
      <tstamps>d08b047d-8e5b-49ec-a81f-d7f56f2e8236</tstamps>
    </comp>
    <comp ref="R3">
      <value>22k</value>
      <footprint>Resistor_THT:R_Axial_DIN0207_L6.3mm_D2.5mm_P7.62mm_Horizontal</footprint>
      <libsource lib="Device" part="R" description="Resistor"/>
      <property name="Sheetname" value=""/>
      <property name="Sheetfile" value="555_badge.kicad_sch"/>
      <sheetpath names="/" tstamps="/"/>
      <tstamps>003fbdd3-236d-4003-af0e-5490950833be</tstamps>
    </comp>
    <comp ref="R4">
      <value>100k</value>
      <footprint>Resistor_THT:R_Axial_DIN0207_L6.3mm_D2.5mm_P7.62mm_Horizontal</footprint>
      <libsource lib="Device" part="R" description="Resistor"/>
      <property name="Sheetname" value=""/>
      <property name="Sheetfile" value="555_badge.kicad_sch"/>
      <sheetpath names="/" tstamps="/"/>
      <tstamps>d76afc23-a0df-49f1-96b2-ff2660943738</tstamps>
    </comp>
    <comp ref="R5">
      <value>10k</value>
      <footprint>Resistor_THT:R_Axial_DIN0207_L6.3mm_D2.5mm_P7.62mm_Horizontal</footprint>
      <libsource lib="Device" part="R" description="Resistor"/>
      <property name="Sheetname" value=""/>
      <property name="Sheetfile" value="555_badge.kicad_sch"/>
      <sheetpath names="/" tstamps="/"/>
      <tstamps>58cd5aab-b00d-403d-87e4-71c9fbe5f329</tstamps>
    </comp>
    <comp ref="R6">
      <value>100</value>
      <footprint>Resistor_THT:R_Axial_DIN0207_L6.3mm_D2.5mm_P7.62mm_Horizontal</footprint>
      <libsource lib="Device" part="R" description="Resistor"/>
      <property name="Sheetname" value=""/>
      <property name="Sheetfile" value="555_badge.kicad_sch"/>
      <sheetpath names="/" tstamps="/"/>
      <tstamps>3bb67815-9ee9-4dcf-bc68-844cc06108d8</tstamps>
    </comp>
    <comp ref="R7">
      <value>100</value>
      <footprint>Resistor_THT:R_Axial_DIN0207_L6.3mm_D2.5mm_P7.62mm_Horizontal</footprint>
      <libsource lib="Device" part="R" description="Resistor"/>
      <property name="Sheetname" value=""/>
      <property name="Sheetfile" value="555_badge.kicad_sch"/>
      <sheetpath names="/" tstamps="/"/>
      <tstamps>25151d64-26eb-4790-902a-86b9dbf727f8</tstamps>
    </comp>
    <comp ref="S1">
      <value>EG1218</value>
      <footprint>digikey-footprints:Switch_Slide_11.6x4mm_EG1218</footprint>
      <datasheet>http://spec_sheets.e-switch.com/specs/P040040.pdf</datasheet>
      <fields>
        <field name="Category">Switches</field>
        <field name="DK_Datasheet_Link">http://spec_sheets.e-switch.com/specs/P040040.pdf</field>
        <field name="DK_Detail_Page">/product-detail/en/e-switch/EG1218/EG1903-ND/101726</field>
        <field name="Description">SWITCH SLIDE SPDT 200MA 30V</field>
        <field name="Digi-Key_PN">EG1903-ND</field>
        <field name="Family">Slide Switches</field>
        <field name="MPN">EG1218</field>
        <field name="Manufacturer">E-Switch</field>
        <field name="Status">Active</field>
      </fields>
      <libsource lib="dk_Slide-Switches" part="EG1218" description="SWITCH SLIDE SPDT 200MA 30V"/>
      <property name="Digi-Key_PN" value="EG1903-ND"/>
      <property name="MPN" value="EG1218"/>
      <property name="Category" value="Switches"/>
      <property name="Family" value="Slide Switches"/>
      <property name="DK_Datasheet_Link" value="http://spec_sheets.e-switch.com/specs/P040040.pdf"/>
      <property name="DK_Detail_Page" value="/product-detail/en/e-switch/EG1218/EG1903-ND/101726"/>
      <property name="Description" value="SWITCH SLIDE SPDT 200MA 30V"/>
      <property name="Manufacturer" value="E-Switch"/>
      <property name="Status" value="Active"/>
      <property name="Sheetname" value=""/>
      <property name="Sheetfile" value="555_badge.kicad_sch"/>
      <sheetpath names="/" tstamps="/"/>
      <tstamps>0c3fcf4c-a943-41c8-bfaf-ade96ca717ae</tstamps>
    </comp>
    <comp ref="U1">
      <value>7555</value>
      <footprint>555_badge:ICM7555-PDIP</footprint>
      <libsource lib="555_sym" part="7555" description=""/>
      <property name="Sheetname" value=""/>
      <property name="Sheetfile" value="555_badge.kicad_sch"/>
      <sheetpath names="/" tstamps="/"/>
      <tstamps>7b2c8632-1204-4e77-8328-632d6d1677e5</tstamps>
    </comp>
  </components>
  <libparts>
    <libpart lib="555_sym" part="7555">
      <fields>
        <field name="Reference">U</field>
        <field name="Value">7555</field>
      </fields>
      <pins>
        <pin num="1" name="GND" type="input"/>
        <pin num="2" name="~TRIG" type="input"/>
        <pin num="3" name="OUT" type="input"/>
        <pin num="4" name="~RST" type="input"/>
        <pin num="5" name="CV" type="input"/>
        <pin num="6" name="~THRESH" type="input"/>
        <pin num="7" name="DIS" type="input"/>
        <pin num="8" name="VDD" type="input"/>
      </pins>
    </libpart>
    <libpart lib="Device" part="C_Polarized_US">
      <description>Polarized capacitor, US symbol</description>
      <docs>~</docs>
      <footprints>
        <fp>CP_*</fp>
      </footprints>
      <fields>
        <field name="Reference">C</field>
        <field name="Value">C_Polarized_US</field>
        <field name="Datasheet">~</field>
      </fields>
      <pins>
        <pin num="1" name="" type="passive"/>
        <pin num="2" name="" type="passive"/>
      </pins>
    </libpart>
    <libpart lib="Device" part="LED">
      <description>Light emitting diode</description>
      <docs>~</docs>
      <footprints>
        <fp>LED*</fp>
        <fp>LED_SMD:*</fp>
        <fp>LED_THT:*</fp>
      </footprints>
      <fields>
        <field name="Reference">D</field>
        <field name="Value">LED</field>
        <field name="Datasheet">~</field>
      </fields>
      <pins>
        <pin num="1" name="K" type="passive"/>
        <pin num="2" name="A" type="passive"/>
      </pins>
    </libpart>
    <libpart lib="Device" part="R">
      <description>Resistor</description>
      <docs>~</docs>
      <footprints>
        <fp>R_*</fp>
      </footprints>
      <fields>
        <field name="Reference">R</field>
        <field name="Value">R</field>
        <field name="Datasheet">~</field>
      </fields>
      <pins>
        <pin num="1" name="" type="passive"/>
        <pin num="2" name="" type="passive"/>
      </pins>
    </libpart>
    <libpart lib="Transistor_BJT" part="2N3904">
      <description>0.2A Ic, 40V Vce, Small Signal NPN Transistor, TO-92</description>
      <docs>https://www.onsemi.com/pub/Collateral/2N3903-D.PDF</docs>
      <footprints>
        <fp>TO?92*</fp>
      </footprints>
      <fields>
        <field name="Reference">Q</field>
        <field name="Value">2N3904</field>
        <field name="Footprint">Package_TO_SOT_THT:TO-92_Inline</field>
        <field name="Datasheet">https://www.onsemi.com/pub/Collateral/2N3903-D.PDF</field>
      </fields>
      <pins>
        <pin num="1" name="E" type="passive"/>
        <pin num="2" name="B" type="passive"/>
        <pin num="3" name="C" type="passive"/>
      </pins>
    </libpart>
    <libpart lib="dk_Battery-Holders-Clips-Contacts" part="BS-7">
      <description>BATTERY HOLDER COIN 20MM PC PIN</description>
      <docs>http://www.memoryprotectiondevices.com/datasheets/BS-7-datasheet.pdf</docs>
      <fields>
        <field name="Reference">BAT</field>
        <field name="Value">BS-7</field>
        <field name="Footprint">digikey-footprints:Battery_Holder_Coin_2032_BS-7</field>
        <field name="Datasheet">http://www.memoryprotectiondevices.com/datasheets/BS-7-datasheet.pdf</field>
        <field name="Digi-Key_PN">BS-7-ND</field>
        <field name="MPN">BS-7</field>
        <field name="Category">Battery Products</field>
        <field name="Family">Battery Holders, Clips, Contacts</field>
        <field name="DK_Datasheet_Link">http://www.memoryprotectiondevices.com/datasheets/BS-7-datasheet.pdf</field>
        <field name="DK_Detail_Page">/product-detail/en/mpd-memory-protection-devices/BS-7/BS-7-ND/389447</field>
        <field name="Description">BATTERY HOLDER COIN 20MM PC PIN</field>
        <field name="Manufacturer">MPD (Memory Protection Devices)</field>
        <field name="Status">Active</field>
      </fields>
      <pins>
        <pin num="Neg" name="" type="power_out"/>
        <pin num="Pos" name="" type="power_out"/>
      </pins>
    </libpart>
    <libpart lib="dk_Slide-Switches" part="EG1218">
      <description>SWITCH SLIDE SPDT 200MA 30V</description>
      <docs>http://spec_sheets.e-switch.com/specs/P040040.pdf</docs>
      <fields>
        <field name="Reference">S</field>
        <field name="Value">EG1218</field>
        <field name="Footprint">digikey-footprints:Switch_Slide_11.6x4mm_EG1218</field>
        <field name="Datasheet">http://spec_sheets.e-switch.com/specs/P040040.pdf</field>
        <field name="Digi-Key_PN">EG1903-ND</field>
        <field name="MPN">EG1218</field>
        <field name="Category">Switches</field>
        <field name="Family">Slide Switches</field>
        <field name="DK_Datasheet_Link">http://spec_sheets.e-switch.com/specs/P040040.pdf</field>
        <field name="DK_Detail_Page">/product-detail/en/e-switch/EG1218/EG1903-ND/101726</field>
        <field name="Description">SWITCH SLIDE SPDT 200MA 30V</field>
        <field name="Manufacturer">E-Switch</field>
        <field name="Status">Active</field>
      </fields>
      <pins>
        <pin num="1" name="" type="passive"/>
        <pin num="2" name="" type="passive"/>
        <pin num="3" name="" type="passive"/>
      </pins>
    </libpart>
  </libparts>
  <libraries>
    <library logical="555_sym">
      <uri>/Users/rota/Documents/KiCad/6.0/projects/555_badge/555_sym.kicad_sym</uri>
    </library>
    <library logical="Device">
      <uri>/Applications/KiCad/KiCad.app/Contents/SharedSupport/symbols//Device.kicad_sym</uri>
    </library>
    <library logical="Transistor_BJT">
      <uri>/Applications/KiCad/KiCad.app/Contents/SharedSupport/symbols//Transistor_BJT.kicad_sym</uri>
    </library>
    <library logical="dk_Battery-Holders-Clips-Contacts">
      <uri>/Users/rota/Documents/kicad/liberaries/digikey-kicad-library-master/digikey-symbols/dk_Battery-Holders-Clips-Contacts.lib</uri>
    </library>
    <library logical="dk_Slide-Switches">
      <uri>/Users/rota/Documents/kicad/liberaries/digikey-kicad-library-master/digikey-symbols/dk_Slide-Switches.lib</uri>
    </library>
  </libraries>
  <nets>
    <net code="1" name="GND">
      <node ref="BAT1" pin="Neg" pintype="power_out"/>
      <node ref="C1" pin="2" pintype="passive"/>
      <node ref="C2" pin="2" pintype="passive"/>
      <node ref="Q1" pin="1" pinfunction="E" pintype="passive"/>
      <node ref="R4" pin="1" pintype="passive"/>
      <node ref="U1" pin="1" pinfunction="GND" pintype="input"/>
    </net>
    <net code="2" name="Net-(BAT1-PadPos)">
      <node ref="BAT1" pin="Pos" pintype="power_out"/>
      <node ref="S1" pin="3" pintype="passive"/>
    </net>
    <net code="3" name="Net-(C1-Pad1)">
      <node ref="C1" pin="1" pintype="passive"/>
      <node ref="R2" pin="2" pintype="passive"/>
      <node ref="U1" pin="2" pinfunction="~TRIG" pintype="input"/>
      <node ref="U1" pin="6" pinfunction="~THRESH" pintype="input"/>
    </net>
    <net code="4" name="Net-(C2-Pad1)">
      <node ref="C2" pin="1" pintype="passive"/>
      <node ref="R3" pin="2" pintype="passive"/>
      <node ref="R4" pin="2" pintype="passive"/>
      <node ref="R5" pin="1" pintype="passive"/>
    </net>
    <net code="5" name="Net-(D1-Pad1)">
      <node ref="D1" pin="1" pinfunction="K" pintype="passive"/>
      <node ref="D2" pin="1" pinfunction="K" pintype="passive"/>
      <node ref="Q1" pin="3" pinfunction="C" pintype="passive"/>
    </net>
    <net code="6" name="Net-(D1-Pad2)">
      <node ref="D1" pin="2" pinfunction="A" pintype="passive"/>
      <node ref="R6" pin="2" pintype="passive"/>
    </net>
    <net code="7" name="Net-(D2-Pad2)">
      <node ref="D2" pin="2" pinfunction="A" pintype="passive"/>
      <node ref="R7" pin="2" pintype="passive"/>
    </net>
    <net code="8" name="Net-(Q1-Pad2)">
      <node ref="Q1" pin="2" pinfunction="B" pintype="passive"/>
      <node ref="R5" pin="2" pintype="passive"/>
    </net>
    <net code="9" name="Net-(R1-Pad2)">
      <node ref="R1" pin="2" pintype="passive"/>
      <node ref="R2" pin="1" pintype="passive"/>
      <node ref="U1" pin="7" pinfunction="DIS" pintype="input"/>
    </net>
    <net code="10" name="Net-(R3-Pad1)">
      <node ref="R3" pin="1" pintype="passive"/>
      <node ref="U1" pin="3" pinfunction="OUT" pintype="input"/>
    </net>
    <net code="11" name="VCC">
      <node ref="R1" pin="1" pintype="passive"/>
      <node ref="R6" pin="1" pintype="passive"/>
      <node ref="R7" pin="1" pintype="passive"/>
      <node ref="S1" pin="2" pintype="passive"/>
      <node ref="U1" pin="4" pinfunction="~RST" pintype="input"/>
      <node ref="U1" pin="8" pinfunction="VDD" pintype="input"/>
    </net>
    <net code="12" name="unconnected-(S1-Pad1)">
      <node ref="S1" pin="1" pintype="passive"/>
    </net>
    <net code="13" name="unconnected-(U1-Pad5)">
      <node ref="U1" pin="5" pinfunction="CV" pintype="input"/>
    </net>
  </nets>
</export>
